Action,TP,TN,FP,FN,Precision,Recall,Accuracy,F1 Score
Order,80,30,10,10,0.8888888888888888,0.8888888888888888,0.8461538461538461,0.8888888888888888
Change,18,35,15,12,0.5454545454545454,0.6,0.6625,0.5714285714285713
Remove,17,38,12,13,0.5862068965517241,0.5666666666666667,0.6875,0.576271186440678
Option Add,12,30,20,18,0.375,0.4,0.525,0.38709677419354843
Combined,127,133,57,53,0.6902173913043478,0.7055555555555556,0.7027027027027027,0.6978021978021978
